{
  "Cayraumuong": [
    {
      "id": 1,
      "title": "Tong Quat",
      "Body": "Xà lách là loại rau quen thuộc, phổ biến trong nhiều món ăn và được nhiều người yêu thích. Trong xà lách có rất nhiều chất xơ và vitamin A, K, C hỗ trợ tăng cường hệ miễn dịch và hệ tiêu hóa. Việc sở hữu một vườn xà lách ngay tại nhà sẽ giúp gia đình bạn yên tâm hơn về vấn đề sức khỏe"
    }
  ],
  "Caybapcai": [
    {
      "id": 1,
      "title": "Tong Quat",
      "Body": "Xà lách là loại rau quen thuộc, phổ biến trong nhiều món ăn và được nhiều người yêu thích. Trong xà lách có rất nhiều chất xơ và vitamin A, K, C hỗ trợ tăng cường hệ miễn dịch và hệ tiêu hóa. Việc sở hữu một vườn xà lách ngay tại nhà sẽ giúp gia đình bạn yên tâm hơn về vấn đề sức khỏe"
    }
  ]
}